,Caso de Estudio,Software,Overlap Score,Input Alignment,Dimension Length,Dimension Quantity,Group Length,Group Quantity,Study Case
0,BB11004,MAFFT,0.608653,BB11004,410.0,4.0,LL,BC,C3
1,BB11004,MUSCLE,0.607178,BB11004,410.0,4.0,LL,BC,C3
2,BB11004,TCOFFE,0.604228,BB11004,410.0,4.0,LL,BC,C3
3,BB11004,KAlign,0.546214,BB11004,410.0,4.0,LL,BC,C3
4,BB11004,Clustal,0.506391,BB11004,410.0,4.0,LL,BC,C3
5,BB11004,MSASA Similitud Gonnet92 Estricto,0.040315,BB11004,410.0,4.0,LL,BC,C3
6,BB11004,MSASA Similitud Blosum62 Estricto,0.039823,BB11004,410.0,4.0,LL,BC,C3
7,BB11004,MSASA Similitud Gonnet92 Libre,0.02999,BB11004,410.0,4.0,LL,BC,C3
8,BB11004,MSASA Coincidencias Estricto,0.02409,BB11004,410.0,4.0,LL,BC,C3
9,BB11004,MSASA Global Libre,0.023599,BB11004,410.0,4.0,LL,BC,C3
10,BB11004,MSASA Similitud PAM250 Libre,0.016716,BB11004,410.0,4.0,LL,BC,C3
11,BB11004,MSASA Similitud Blosum62 Libre,0.014258,BB11004,410.0,4.0,LL,BC,C3
12,BB11004,MSASA Global Estricto,0.011799,BB11004,410.0,4.0,LL,BC,C3
13,BB11004,MSASA Local Estricto,0.010816,BB11004,410.0,4.0,LL,BC,C3
14,BB11004,MSASA Coincidencias Libre,0.010324,BB11004,410.0,4.0,LL,BC,C3
15,BB11004,MSASA Similitud PAM250 Estricto,0.010324,BB11004,410.0,4.0,LL,BC,C3
16,BB11004,MSASA Identidad Estricto,0.00885,BB11004,410.0,4.0,LL,BC,C3
17,BB11004,MSASA Identidad Libre,0.006391,BB11004,410.0,4.0,LL,BC,C3
18,BB11004,MSASA Local Libre,0.017699,BB11004,410.0,4.0,LL,BC,C3
19,BB11013,KAlign,0.301075,BB11013,101.0,5.0,ML,BC,C2
20,BB11013,MUSCLE,0.163082,BB11013,101.0,5.0,ML,BC,C2
21,BB11013,MSASA Similitud Blosum62 Libre,0.137993,BB11013,101.0,5.0,ML,BC,C2
22,BB11013,TCOFFE,0.130824,BB11013,101.0,5.0,ML,BC,C2
23,BB11013,MAFFT,0.089606,BB11013,101.0,5.0,ML,BC,C2
24,BB11013,MSASA Coincidencias Estricto,0.089606,BB11013,101.0,5.0,ML,BC,C2
25,BB11013,MSASA Similitud PAM250 Estricto,0.089606,BB11013,101.0,5.0,ML,BC,C2
26,BB11013,MSASA Similitud PAM250 Libre,0.078853,BB11013,101.0,5.0,ML,BC,C2
27,BB11013,MSASA Local Estricto,0.069892,BB11013,101.0,5.0,ML,BC,C2
28,BB11013,MSASA Similitud Gonnet92 Libre,0.064516,BB11013,101.0,5.0,ML,BC,C2
29,BB11013,Clustal,0.048387,BB11013,101.0,5.0,ML,BC,C2
30,BB11013,MSASA Similitud Gonnet92 Estricto,0.046595,BB11013,101.0,5.0,ML,BC,C2
31,BB11013,MSASA Global Estricto,0.030466,BB11013,101.0,5.0,ML,BC,C2
32,BB11013,MSASA Coincidencias Libre,0.026882,BB11013,101.0,5.0,ML,BC,C2
33,BB11013,MSASA Global Libre,0.017921,BB11013,101.0,5.0,ML,BC,C2
34,BB11013,MSASA Identidad Estricto,0.016129,BB11013,101.0,5.0,ML,BC,C2
35,BB11013,MSASA Identidad Libre,0.010753,BB11013,101.0,5.0,ML,BC,C2
36,BB11013,MSASA Similitud Blosum62 Estricto,0.0,BB11013,101.0,5.0,ML,BC,C2
37,BB11013,MSASA Local Libre,0.035842,BB11013,101.0,5.0,ML,BC,C2
38,B40010,Clustal,0.81535,,,,,,
39,B40010,MAFFT,0.801672,,,,,,
40,B40010,TCOFFE,0.798632,,,,,,
41,B40010,MUSCLE,0.798252,,,,,,
42,B40010,KAlign,0.780775,,,,,,
43,B40010,MSASA Similitud PAM250 Estricto,0.445289,,,,,,
44,B40010,MSASA Similitud PAM250 Libre,0.417933,,,,,,
45,B40010,MSASA Similitud Gonnet92 Estricto,0.402736,,,,,,
46,B40010,MSASA Similitud Gonnet92 Libre,0.335106,,,,,,
47,B40010,MSASA Similitud Blosum62 Libre,0.321809,,,,,,
48,B40010,MSASA Similitud Blosum62 Estricto,0.306231,,,,,,
49,B40010,MSASA Local Estricto,0.147796,,,,,,
50,B40010,MSASA Global Libre,0.140578,,,,,,
51,B40010,MSASA Global Estricto,0.136778,,,,,,
52,B40010,MSASA Coincidencias Libre,0.053191,,,,,,
53,B40010,MSASA Coincidencias Estricto,0.039514,,,,,,
54,B40010,MSASA Identidad Libre,0.024696,,,,,,
55,B40010,MSASA Identidad Estricto,0.006459,,,,,,
56,B40010,MSASA Local Libre,0.155015,,,,,,
57,B40014,TCOFFE,0.638698,,,,,,
58,B40014,Clustal,0.638218,,,,,,
59,B40014,MUSCLE,0.632859,,,,,,
60,B40014,MAFFT,0.630139,,,,,,
61,B40014,KAlign,0.605263,,,,,,
62,B40014,MSASA Similitud Gonnet92 Libre,0.114622,,,,,,
63,B40014,MSASA Similitud Gonnet92 Estricto,0.113742,,,,,,
64,B40014,MSASA Similitud PAM250 Estricto,0.094865,,,,,,
65,B40014,MSASA Coincidencias Estricto,0.046553,,,,,,
66,B40014,MSASA Coincidencias Libre,0.037994,,,,,,
67,B40014,MSASA Local Estricto,0.035514,,,,,,
68,B40014,MSASA Similitud Blosum62 Libre,0.026636,,,,,,
69,B40014,MSASA Similitud Blosum62 Estricto,0.024636,,,,,,
70,B40014,MSASA Similitud PAM250 Libre,0.015677,,,,,,
71,B40014,MSASA Global Estricto,0.013518,,,,,,
72,B40014,MSASA Identidad Libre,0.011358,,,,,,
73,B40014,MSASA Global Libre,0.007199,,,,,,
74,B40014,MSASA Identidad Estricto,0.005839,,,,,,
75,B40014,MSASA Local Libre,0.015518,,,,,,
76,BBA0011,MAFFT,0.983106,BBA0011,251.0,102.0,ML,AC,C21
77,BBA0011,Clustal,0.980758,BBA0011,251.0,102.0,ML,AC,C21
78,BBA0011,TCOFFE,0.976574,BBA0011,251.0,102.0,ML,AC,C21
79,BBA0011,MUSCLE,0.974694,BBA0011,251.0,102.0,ML,AC,C21
80,BBA0011,KAlign,0.96554,BBA0011,251.0,102.0,ML,AC,C21
81,BBA0011,MSASA Similitud Gonnet92 Libre,0.732607,BBA0011,251.0,102.0,ML,AC,C21
82,BBA0011,MSASA Similitud Blosum62 Libre,0.718393,BBA0011,251.0,102.0,ML,AC,C21
83,BBA0011,MSASA Similitud Blosum62 Estricto,0.708311,BBA0011,251.0,102.0,ML,AC,C21
84,BBA0011,MSASA Global Estricto,0.696062,BBA0011,251.0,102.0,ML,AC,C21
85,BBA0011,MSASA Global Libre,0.691707,BBA0011,251.0,102.0,ML,AC,C21
86,BBA0011,MSASA Coincidencias Libre,0.362936,BBA0011,251.0,102.0,ML,AC,C21
87,BBA0011,MSASA Similitud PAM250 Estricto,0.258648,BBA0011,251.0,102.0,ML,AC,C21
88,BBA0011,MSASA Similitud Gonnet92 Estricto,0.256632,BBA0011,251.0,102.0,ML,AC,C21
89,BBA0011,MSASA Local Estricto,0.256252,BBA0011,251.0,102.0,ML,AC,C21
90,BBA0011,MSASA Similitud PAM250 Libre,0.239002,BBA0011,251.0,102.0,ML,AC,C21
91,BBA0011,MSASA Coincidencias Estricto,0.137981,BBA0011,251.0,102.0,ML,AC,C21
92,BBA0011,MSASA Identidad Libre,0.051429,BBA0011,251.0,102.0,ML,AC,C21
93,BBA0011,MSASA Identidad Estricto,0.047051,BBA0011,251.0,102.0,ML,AC,C21
94,BBA0011,MSASA Local Libre,0.726552,BBA0011,251.0,102.0,ML,AC,C21
95,BBA0030,MAFFT,0.944087,BBA0030,165.0,19.0,ML,BC,C20
96,BBA0030,Clustal,0.900249,BBA0030,165.0,19.0,ML,BC,C20
97,BBA0030,TCOFFE,0.893949,BBA0030,165.0,19.0,ML,BC,C20
98,BBA0030,MUSCLE,0.890668,BBA0030,165.0,19.0,ML,BC,C20
99,BBA0030,KAlign,0.869449,BBA0030,165.0,19.0,ML,BC,C20
100,BBA0030,MSASA Similitud Blosum62 Estricto,0.476397,BBA0030,165.0,19.0,ML,BC,C20
101,BBA0030,MSASA Similitud Gonnet92 Estricto,0.440478,BBA0030,165.0,19.0,ML,BC,C20
102,BBA0030,MSASA Similitud Gonnet92 Libre,0.41064,BBA0030,165.0,19.0,ML,BC,C20
103,BBA0030,MSASA Similitud PAM250 Libre,0.408321,BBA0030,165.0,19.0,ML,BC,C20
104,BBA0030,MSASA Similitud Blosum62 Libre,0.401365,BBA0030,165.0,19.0,ML,BC,C20
105,BBA0030,MSASA Similitud PAM250 Estricto,0.353283,BBA0030,165.0,19.0,ML,BC,C20
106,BBA0030,MSASA Local Estricto,0.295271,BBA0030,165.0,19.0,ML,BC,C20
107,BBA0030,MSASA Global Estricto,0.272564,BBA0030,165.0,19.0,ML,BC,C20
108,BBA0030,MSASA Global Libre,0.260795,BBA0030,165.0,19.0,ML,BC,C20
109,BBA0030,MSASA Coincidencias Estricto,0.22527,BBA0030,165.0,19.0,ML,BC,C20
110,BBA0030,MSASA Coincidencias Libre,0.190532,BBA0030,165.0,19.0,ML,BC,C20
111,BBA0030,MSASA Identidad Libre,0.057925,BBA0030,165.0,19.0,ML,BC,C20
112,BBA0030,MSASA Identidad Estricto,0.055475,BBA0030,165.0,19.0,ML,BC,C20
113,BBA0030,MSASA Local Libre,0.286302,BBA0030,165.0,19.0,ML,BC,C20
114,BBA0065,MUSCLE,0.822006,BBA0065,786.0,100.0,LL,AC,C23
115,BBA0065,MAFFT,0.81427,BBA0065,786.0,100.0,LL,AC,C23
116,BBA0065,TCOFFE,0.809057,BBA0065,786.0,100.0,LL,AC,C23
117,BBA0065,Clustal,0.794041,BBA0065,786.0,100.0,LL,AC,C23
118,BBA0065,KAlign,0.774565,BBA0065,786.0,100.0,LL,AC,C23
119,BBA0065,MSASA Similitud Blosum62 Libre,0.045674,BBA0065,786.0,100.0,LL,AC,C23
120,BBA0065,MSASA Similitud Blosum62 Estricto,0.045483,BBA0065,786.0,100.0,LL,AC,C23
121,BBA0065,MSASA Global Libre,0.045305,BBA0065,786.0,100.0,LL,AC,C23
122,BBA0065,MSASA Similitud PAM250 Estricto,0.045005,BBA0065,786.0,100.0,LL,AC,C23
123,BBA0065,MSASA Similitud Gonnet92 Libre,0.043476,BBA0065,786.0,100.0,LL,AC,C23
124,BBA0065,MSASA Similitud Gonnet92 Estricto,0.042798,BBA0065,786.0,100.0,LL,AC,C23
125,BBA0065,MSASA Similitud PAM250 Libre,0.041655,BBA0065,786.0,100.0,LL,AC,C23
126,BBA0065,MSASA Local Estricto,0.033671,BBA0065,786.0,100.0,LL,AC,C23
127,BBA0065,MSASA Global Estricto,0.033199,BBA0065,786.0,100.0,LL,AC,C23
128,BBA0065,MSASA Coincidencias Estricto,0.021629,BBA0065,786.0,100.0,LL,AC,C23
129,BBA0065,MSASA Coincidencias Libre,0.020526,BBA0065,786.0,100.0,LL,AC,C23
130,BBA0065,MSASA Identidad Libre,0.015323,BBA0065,786.0,100.0,LL,AC,C23
131,BBA0065,MSASA Identidad Estricto,0.014853,BBA0065,786.0,100.0,LL,AC,C23
132,BBA0065,MSASA Local Libre,0.04418,BBA0065,786.0,100.0,LL,AC,C23
133,BBA0117,MUSCLE,0.825744,BBA0117,77.0,460.0,CL,AC,C19
134,BBA0117,Clustal,0.807104,BBA0117,77.0,460.0,CL,AC,C19
135,BBA0117,TCOFFE,0.800397,BBA0117,77.0,460.0,CL,AC,C19
136,BBA0117,MAFFT,0.783769,BBA0117,77.0,460.0,CL,AC,C19
137,BBA0117,KAlign,0.730688,BBA0117,77.0,460.0,CL,AC,C19
138,BBA0117,MSASA Similitud Gonnet92 Estricto,0.237514,BBA0117,77.0,460.0,CL,AC,C19
139,BBA0117,MSASA Global Libre,0.233606,BBA0117,77.0,460.0,CL,AC,C19
140,BBA0117,MSASA Similitud Gonnet92 Libre,0.231653,BBA0117,77.0,460.0,CL,AC,C19
141,BBA0117,MSASA Similitud PAM250 Estricto,0.22382,BBA0117,77.0,460.0,CL,AC,C19
142,BBA0117,MSASA Coincidencias Estricto,0.14538,BBA0117,77.0,460.0,CL,AC,C19
143,BBA0117,MSASA Similitud PAM250 Libre,0.112337,BBA0117,77.0,460.0,CL,AC,C19
144,BBA0117,MSASA Similitud Blosum62 Libre,0.109768,BBA0117,77.0,460.0,CL,AC,C19
145,BBA0117,MSASA Similitud Blosum62 Estricto,0.10827,BBA0117,77.0,460.0,CL,AC,C19
146,BBA0117,MSASA Local Estricto,0.099063,BBA0117,77.0,460.0,CL,AC,C19
147,BBA0117,MSASA Global Estricto,0.097678,BBA0117,77.0,460.0,CL,AC,C19
148,BBA0117,MSASA Identidad Libre,0.072166,BBA0117,77.0,460.0,CL,AC,C19
149,BBA0117,MSASA Coincidencias Libre,0.060362,BBA0117,77.0,460.0,CL,AC,C19
150,BBA0117,MSASA Identidad Estricto,0.051067,BBA0117,77.0,460.0,CL,AC,C19
151,BBA0117,MSASA Local Libre,0.09446,BBA0117,77.0,460.0,CL,AC,C19
152,BBA0142,Clustal,0.915546,BBA0142,78.0,19.0,CL,BC,C18
153,BBA0142,KAlign,0.914347,BBA0142,78.0,19.0,CL,BC,C18
154,BBA0142,MAFFT,0.91349,BBA0142,78.0,19.0,CL,BC,C18
155,BBA0142,TCOFFE,0.908437,BBA0142,78.0,19.0,CL,BC,C18
156,BBA0142,MUSCLE,0.889936,BBA0142,78.0,19.0,CL,BC,C18
157,BBA0142,MSASA Similitud PAM250 Estricto,0.596745,BBA0142,78.0,19.0,CL,BC,C18
158,BBA0142,MSASA Similitud Blosum62 Libre,0.587152,BBA0142,78.0,19.0,CL,BC,C18
159,BBA0142,MSASA Similitud Gonnet92 Estricto,0.583298,BBA0142,78.0,19.0,CL,BC,C18
160,BBA0142,MSASA Similitud PAM250 Libre,0.569764,BBA0142,78.0,19.0,CL,BC,C18
161,BBA0142,MSASA Local Estricto,0.528737,BBA0142,78.0,19.0,CL,BC,C18
162,BBA0142,MSASA Global Libre,0.501071,BBA0142,78.0,19.0,CL,BC,C18
163,BBA0142,MSASA Similitud Blosum62 Estricto,0.48651,BBA0142,78.0,19.0,CL,BC,C18
164,BBA0142,MSASA Global Estricto,0.41773,BBA0142,78.0,19.0,CL,BC,C18
165,BBA0142,MSASA Similitud Gonnet92 Libre,0.397859,BBA0142,78.0,19.0,CL,BC,C18
166,BBA0142,MSASA Coincidencias Estricto,0.186552,BBA0142,78.0,19.0,CL,BC,C18
167,BBA0142,MSASA Coincidencias Libre,0.151949,BBA0142,78.0,19.0,CL,BC,C18
168,BBA0142,MSASA Identidad Libre,0.112805,BBA0142,78.0,19.0,CL,BC,C18
169,BBA0142,MSASA Identidad Estricto,0.106467,BBA0142,78.0,19.0,CL,BC,C18
170,BBA0142,MSASA Local Libre,0.521884,BBA0142,78.0,19.0,CL,BC,C18
171,BBA0192,Clustal,0.824113,BBA0192,799.0,4.0,LL,BC,C22
172,BBA0192,KAlign,0.823591,BBA0192,799.0,4.0,LL,BC,C22
173,BBA0192,MUSCLE,0.802975,BBA0192,799.0,4.0,LL,BC,C22
174,BBA0192,TCOFFE,0.800887,BBA0192,799.0,4.0,LL,BC,C22
175,BBA0192,MAFFT,0.797495,BBA0192,799.0,4.0,LL,BC,C22
176,BBA0192,MSASA Similitud PAM250 Libre,0.190762,BBA0192,799.0,4.0,LL,BC,C22
177,BBA0192,MSASA Coincidencias Estricto,0.110647,BBA0192,799.0,4.0,LL,BC,C22
178,BBA0192,MSASA Global Estricto,0.05167,BBA0192,799.0,4.0,LL,BC,C22
179,BBA0192,MSASA Local Estricto,0.024791,BBA0192,799.0,4.0,LL,BC,C22
180,BBA0192,MSASA Coincidencias Libre,0.014614,BBA0192,799.0,4.0,LL,BC,C22
181,BBA0192,MSASA Global Libre,0.012265,BBA0192,799.0,4.0,LL,BC,C22
182,BBA0192,MSASA Identidad Estricto,0.011221,BBA0192,799.0,4.0,LL,BC,C22
183,BBA0192,MSASA Identidad Libre,0.007046,BBA0192,799.0,4.0,LL,BC,C22
184,BBA0192,MSASA Similitud Gonnet92 Libre,0.005741,BBA0192,799.0,4.0,LL,BC,C22
185,BBA0192,MSASA Similitud Gonnet92 Estricto,0.005741,BBA0192,799.0,4.0,LL,BC,C22
186,BBA0192,MSASA Similitud Blosum62 Libre,0.003914,BBA0192,799.0,4.0,LL,BC,C22
187,BBA0192,MSASA Similitud Blosum62 Estricto,0.003653,BBA0192,799.0,4.0,LL,BC,C22
188,BBA0192,MSASA Similitud PAM250 Estricto,0.0,BBA0192,799.0,4.0,LL,BC,C22
189,BBA0192,MSASA Local Libre,0.017745,BBA0192,799.0,4.0,LL,BC,C22
190,BBS12014,MUSCLE,1.0,BBS12014,52.0,9.0,CL,BC,C1
191,BBS12014,MAFFT,1.0,BBS12014,52.0,9.0,CL,BC,C1
192,BBS12014,TCOFFE,1.0,BBS12014,52.0,9.0,CL,BC,C1
193,BBS12014,KAlign,1.0,BBS12014,52.0,9.0,CL,BC,C1
194,BBS12014,Clustal,0.995465,BBS12014,52.0,9.0,CL,BC,C1
195,BBS12014,MSASA Similitud Blosum62 Estricto,0.931973,BBS12014,52.0,9.0,CL,BC,C1
196,BBS12014,MSASA Similitud Gonnet92 Libre,0.931973,BBS12014,52.0,9.0,CL,BC,C1
197,BBS12014,MSASA Similitud Gonnet92 Estricto,0.931973,BBS12014,52.0,9.0,CL,BC,C1
198,BBS12014,MSASA Similitud PAM250 Estricto,0.845805,BBS12014,52.0,9.0,CL,BC,C1
199,BBS12014,MSASA Similitud Blosum62 Libre,0.84127,BBS12014,52.0,9.0,CL,BC,C1
200,BBS12014,MSASA Similitud PAM250 Libre,0.836735,BBS12014,52.0,9.0,CL,BC,C1
201,BBS12014,MSASA Local Estricto,0.769841,BBS12014,52.0,9.0,CL,BC,C1
202,BBS12014,MSASA Global Estricto,0.722222,BBS12014,52.0,9.0,CL,BC,C1
203,BBS12014,MSASA Global Libre,0.587868,BBS12014,52.0,9.0,CL,BC,C1
204,BBS12014,MSASA Coincidencias Estricto,0.308957,BBS12014,52.0,9.0,CL,BC,C1
205,BBS12014,MSASA Coincidencias Libre,0.210884,BBS12014,52.0,9.0,CL,BC,C1
206,BBS12014,MSASA Identidad Estricto,0.174036,BBS12014,52.0,9.0,CL,BC,C1
207,BBS12014,MSASA Identidad Libre,0.0822,BBS12014,52.0,9.0,CL,BC,C1
208,BBS12014,MSASA Local Libre,0.760771,BBS12014,52.0,9.0,CL,BC,C1
209,BBS20002,Clustal,0.908806,BBS20002,49.0,20.0,CL,BC,C4
210,BBS20002,MAFFT,0.902919,BBS20002,49.0,20.0,CL,BC,C4
211,BBS20002,MUSCLE,0.898033,BBS20002,49.0,20.0,CL,BC,C4
212,BBS20002,TCOFFE,0.882876,BBS20002,49.0,20.0,CL,BC,C4
213,BBS20002,KAlign,0.869848,BBS20002,49.0,20.0,CL,BC,C4
214,BBS20002,MSASA Similitud Gonnet92 Libre,0.663786,BBS20002,49.0,20.0,CL,BC,C4
215,BBS20002,MSASA Similitud Blosum62 Estricto,0.651635,BBS20002,49.0,20.0,CL,BC,C4
216,BBS20002,MSASA Similitud Blosum62 Libre,0.643868,BBS20002,49.0,20.0,CL,BC,C4
217,BBS20002,MSASA Local Estricto,0.613804,BBS20002,49.0,20.0,CL,BC,C4
218,BBS20002,MSASA Similitud Gonnet92 Estricto,0.566704,BBS20002,49.0,20.0,CL,BC,C4
219,BBS20002,MSASA Similitud PAM250 Libre,0.535763,BBS20002,49.0,20.0,CL,BC,C4
220,BBS20002,MSASA Global Estricto,0.524364,BBS20002,49.0,20.0,CL,BC,C4
221,BBS20002,MSASA Similitud PAM250 Estricto,0.519604,BBS20002,49.0,20.0,CL,BC,C4
222,BBS20002,MSASA Global Libre,0.518351,BBS20002,49.0,20.0,CL,BC,C4
223,BBS20002,MSASA Coincidencias Estricto,0.291369,BBS20002,49.0,20.0,CL,BC,C4
224,BBS20002,MSASA Coincidencias Libre,0.212451,BBS20002,49.0,20.0,CL,BC,C4
225,BBS20002,MSASA Identidad Libre,0.092071,BBS20002,49.0,20.0,CL,BC,C4
226,BBS20002,MSASA Identidad Estricto,0.086809,BBS20002,49.0,20.0,CL,BC,C4
227,BBS20002,MSASA Local Libre,0.495177,BBS20002,49.0,20.0,CL,BC,C4
228,BBS20007,MUSCLE,0.805245,BBS20007,433.0,23.0,LL,BC,C6
229,BBS20007,MAFFT,0.79668,BBS20007,433.0,23.0,LL,BC,C6
230,BBS20007,TCOFFE,0.791916,BBS20007,433.0,23.0,LL,BC,C6
231,BBS20007,KAlign,0.76728,BBS20007,433.0,23.0,LL,BC,C6
232,BBS20007,Clustal,0.765809,BBS20007,433.0,23.0,LL,BC,C6
233,BBS20007,MSASA Similitud PAM250 Estricto,0.272484,BBS20007,433.0,23.0,LL,BC,C6
234,BBS20007,MSASA Local Estricto,0.230602,BBS20007,433.0,23.0,LL,BC,C6
235,BBS20007,MSASA Similitud Gonnet92 Estricto,0.142255,BBS20007,433.0,23.0,LL,BC,C6
236,BBS20007,MSASA Similitud PAM250 Libre,0.132664,BBS20007,433.0,23.0,LL,BC,C6
237,BBS20007,MSASA Similitud Gonnet92 Libre,0.126555,BBS20007,433.0,23.0,LL,BC,C6
238,BBS20007,MSASA Similitud Blosum62 Libre,0.12304,BBS20007,433.0,23.0,LL,BC,C6
239,BBS20007,MSASA Similitud Blosum62 Estricto,0.115915,BBS20007,433.0,23.0,LL,BC,C6
240,BBS20007,MSASA Global Estricto,0.101327,BBS20007,433.0,23.0,LL,BC,C6
241,BBS20007,MSASA Global Libre,0.099897,BBS20007,433.0,23.0,LL,BC,C6
242,BBS20007,MSASA Coincidencias Estricto,0.087574,BBS20007,433.0,23.0,LL,BC,C6
243,BBS20007,MSASA Coincidencias Libre,0.066136,BBS20007,433.0,23.0,LL,BC,C6
244,BBS20007,MSASA Identidad Libre,0.049165,BBS20007,433.0,23.0,LL,BC,C6
245,BBS20007,MSASA Identidad Estricto,0.04312,BBS20007,433.0,23.0,LL,BC,C6
246,BBS20007,MSASA Local Libre,0.178928,BBS20007,433.0,23.0,LL,BC,C6
247,BBS20009,MUSCLE,0.96647,BBS20009,219.0,29.0,ML,BC,C5
248,BBS20009,TCOFFE,0.965124,BBS20009,219.0,29.0,ML,BC,C5
249,BBS20009,Clustal,0.962209,BBS20009,219.0,29.0,ML,BC,C5
250,BBS20009,KAlign,0.959212,BBS20009,219.0,29.0,ML,BC,C5
251,BBS20009,MAFFT,0.951801,BBS20009,219.0,29.0,ML,BC,C5
252,BBS20009,MSASA Similitud Gonnet92 Libre,0.706358,BBS20009,219.0,29.0,ML,BC,C5
253,BBS20009,MSASA Global Estricto,0.704485,BBS20009,219.0,29.0,ML,BC,C5
254,BBS20009,MSASA Similitud Gonnet92 Estricto,0.689781,BBS20009,219.0,29.0,ML,BC,C5
255,BBS20009,MSASA Similitud PAM250 Libre,0.667092,BBS20009,219.0,29.0,ML,BC,C5
256,BBS20009,MSASA Similitud Blosum62 Estricto,0.663381,BBS20009,219.0,29.0,ML,BC,C5
257,BBS20009,MSASA Global Libre,0.353852,BBS20009,219.0,29.0,ML,BC,C5
258,BBS20009,MSASA Coincidencias Estricto,0.350656,BBS20009,219.0,29.0,ML,BC,C5
259,BBS20009,MSASA Similitud PAM250 Estricto,0.325767,BBS20009,219.0,29.0,ML,BC,C5
260,BBS20009,MSASA Similitud Blosum62 Libre,0.320873,BBS20009,219.0,29.0,ML,BC,C5
261,BBS20009,MSASA Local Estricto,0.275835,BBS20009,219.0,29.0,ML,BC,C5
262,BBS20009,MSASA Coincidencias Libre,0.146809,BBS20009,219.0,29.0,ML,BC,C5
263,BBS20009,MSASA Identidad Estricto,0.083063,BBS20009,219.0,29.0,ML,BC,C5
264,BBS20009,MSASA Identidad Libre,0.081377,BBS20009,219.0,29.0,ML,BC,C5
265,BBS20009,MSASA Local Libre,0.312912,BBS20009,219.0,29.0,ML,BC,C5
266,BBS30001,MAFFT,0.874342,BBS30001,190.0,116.0,ML,AC,C9
267,BBS30001,Clustal,0.872335,BBS30001,190.0,116.0,ML,AC,C9
268,BBS30001,MUSCLE,0.869704,BBS30001,190.0,116.0,ML,AC,C9
269,BBS30001,TCOFFE,0.86709,BBS30001,190.0,116.0,ML,AC,C9
270,BBS30001,KAlign,0.865158,BBS30001,190.0,116.0,ML,AC,C9
271,BBS30001,MSASA Global Estricto,0.432586,BBS30001,190.0,116.0,ML,AC,C9
272,BBS30001,MSASA Similitud PAM250 Estricto,0.428673,BBS30001,190.0,116.0,ML,AC,C9
273,BBS30001,MSASA Global Libre,0.334708,BBS30001,190.0,116.0,ML,AC,C9
274,BBS30001,MSASA Similitud Blosum62 Estricto,0.332612,BBS30001,190.0,116.0,ML,AC,C9
275,BBS30001,MSASA Similitud PAM250 Libre,0.331899,BBS30001,190.0,116.0,ML,AC,C9
276,BBS30001,MSASA Similitud Blosum62 Libre,0.326572,BBS30001,190.0,116.0,ML,AC,C9
277,BBS30001,MSASA Similitud Gonnet92 Libre,0.321051,BBS30001,190.0,116.0,ML,AC,C9
278,BBS30001,MSASA Similitud Gonnet92 Estricto,0.313756,BBS30001,190.0,116.0,ML,AC,C9
279,BBS30001,MSASA Local Estricto,0.286886,BBS30001,190.0,116.0,ML,AC,C9
280,BBS30001,MSASA Coincidencias Estricto,0.188506,BBS30001,190.0,116.0,ML,AC,C9
281,BBS30001,MSASA Coincidencias Libre,0.183356,BBS30001,190.0,116.0,ML,AC,C9
282,BBS30001,MSASA Identidad Libre,0.065256,BBS30001,190.0,116.0,ML,AC,C9
283,BBS30001,MSASA Identidad Estricto,0.051884,BBS30001,190.0,116.0,ML,AC,C9
284,BBS30001,MSASA Local Libre,0.43116,BBS30001,190.0,116.0,ML,AC,C9
285,BBS30003,MUSCLE,0.653171,,,,,,
286,BBS30003,TCOFFE,0.643967,,,,,,
287,BBS30003,MAFFT,0.612653,,,,,,
288,BBS30003,KAlign,0.577945,,,,,,
289,BBS30003,Clustal,0.559501,,,,,,
290,BBS30003,MSASA Similitud Gonnet92 Libre,0.141259,,,,,,
291,BBS30003,MSASA Similitud Blosum62 Estricto,0.13997,,,,,,
292,BBS30003,MSASA Similitud Blosum62 Libre,0.139265,,,,,,
293,BBS30003,MSASA Similitud PAM250 Libre,0.139118,,,,,,
294,BBS30003,MSASA Local Estricto,0.130352,,,,,,
295,BBS30003,MSASA Similitud Gonnet92 Estricto,0.118935,,,,,,
296,BBS30003,MSASA Similitud PAM250 Estricto,0.1184,,,,,,
297,BBS30003,MSASA Global Estricto,0.118257,,,,,,
298,BBS30003,MSASA Global Libre,0.117655,,,,,,
299,BBS30003,MSASA Coincidencias Estricto,0.076545,,,,,,
300,BBS30003,MSASA Coincidencias Libre,0.054879,,,,,,
301,BBS30003,MSASA Identidad Estricto,0.036027,,,,,,
302,BBS30003,MSASA Identidad Libre,0.033738,,,,,,
303,BBS30003,MSASA Local Libre,0.135955,,,,,,
304,BBS30015,TCOFFE,0.847631,BBS30015,650.0,21.0,LL,BC,C10
305,BBS30015,MUSCLE,0.845834,BBS30015,650.0,21.0,LL,BC,C10
306,BBS30015,Clustal,0.740336,BBS30015,650.0,21.0,LL,BC,C10
307,BBS30015,KAlign,0.697469,BBS30015,650.0,21.0,LL,BC,C10
308,BBS30015,MAFFT,0.662252,BBS30015,650.0,21.0,LL,BC,C10
309,BBS30015,MSASA Similitud PAM250 Libre,0.384106,BBS30015,650.0,21.0,LL,BC,C10
310,BBS30015,MSASA Similitud Blosum62 Libre,0.382823,BBS30015,650.0,21.0,LL,BC,C10
311,BBS30015,MSASA Similitud Blosum62 Estricto,0.37887,BBS30015,650.0,21.0,LL,BC,C10
312,BBS30015,MSASA Similitud Gonnet92 Estricto,0.367678,BBS30015,650.0,21.0,LL,BC,C10
313,BBS30015,MSASA Local Estricto,0.342779,BBS30015,650.0,21.0,LL,BC,C10
314,BBS30015,MSASA Similitud PAM250 Estricto,0.319832,BBS30015,650.0,21.0,LL,BC,C10
315,BBS30015,MSASA Similitud Gonnet92 Libre,0.317521,BBS30015,650.0,21.0,LL,BC,C10
316,BBS30015,MSASA Global Estricto,0.314903,BBS30015,650.0,21.0,LL,BC,C10
317,BBS30015,MSASA Global Libre,0.285487,BBS30015,650.0,21.0,LL,BC,C10
318,BBS30015,MSASA Coincidencias Estricto,0.162277,BBS30015,650.0,21.0,LL,BC,C10
319,BBS30015,MSASA Coincidencias Libre,0.061553,BBS30015,650.0,21.0,LL,BC,C10
320,BBS30015,MSASA Identidad Libre,0.049849,BBS30015,650.0,21.0,LL,BC,C10
321,BBS30015,MSASA Identidad Estricto,0.039786,BBS30015,650.0,21.0,LL,BC,C10
322,BBS30015,MSASA Local Libre,0.212331,BBS30015,650.0,21.0,LL,BC,C10
323,BBS30016,MUSCLE,0.897875,BBS30016,66.0,37.0,CL,BC,C7
324,BBS30016,MAFFT,0.884002,BBS30016,66.0,37.0,CL,BC,C7
325,BBS30016,TCOFFE,0.724826,BBS30016,66.0,37.0,CL,BC,C7
326,BBS30016,Clustal,0.717993,BBS30016,66.0,37.0,CL,BC,C7
327,BBS30016,KAlign,0.635093,BBS30016,66.0,37.0,CL,BC,C7
328,BBS30016,MSASA Similitud Gonnet92 Libre,0.57586,BBS30016,66.0,37.0,CL,BC,C7
329,BBS30016,MSASA Similitud PAM250 Libre,0.573652,BBS30016,66.0,37.0,CL,BC,C7
330,BBS30016,MSASA Similitud Blosum62 Libre,0.566196,BBS30016,66.0,37.0,CL,BC,C7
331,BBS30016,MSASA Similitud PAM250 Estricto,0.531695,BBS30016,66.0,37.0,CL,BC,C7
332,BBS30016,MSASA Similitud Gonnet92 Estricto,0.524706,BBS30016,66.0,37.0,CL,BC,C7
333,BBS30016,MSASA Global Libre,0.509223,BBS30016,66.0,37.0,CL,BC,C7
334,BBS30016,MSASA Global Estricto,0.505196,BBS30016,66.0,37.0,CL,BC,C7
335,BBS30016,MSASA Similitud Blosum62 Estricto,0.485919,BBS30016,66.0,37.0,CL,BC,C7
336,BBS30016,MSASA Local Estricto,0.472566,BBS30016,66.0,37.0,CL,BC,C7
337,BBS30016,MSASA Coincidencias Libre,0.43887,BBS30016,66.0,37.0,CL,BC,C7
338,BBS30016,MSASA Coincidencias Estricto,0.368726,BBS30016,66.0,37.0,CL,BC,C7
339,BBS30016,MSASA Identidad Estricto,0.116232,BBS30016,66.0,37.0,CL,BC,C7
340,BBS30016,MSASA Identidad Libre,0.086849,BBS30016,66.0,37.0,CL,BC,C7
341,BBS30016,MSASA Local Libre,0.543542,BBS30016,66.0,37.0,CL,BC,C7
342,BBS30017,MUSCLE,0.736176,BBS30017,287.0,15.0,ML,BC,C8
343,BBS30017,TCOFFE,0.731534,BBS30017,287.0,15.0,ML,BC,C8
344,BBS30017,MAFFT,0.67872,BBS30017,287.0,15.0,ML,BC,C8
345,BBS30017,Clustal,0.616378,BBS30017,287.0,15.0,ML,BC,C8
346,BBS30017,KAlign,0.573418,BBS30017,287.0,15.0,ML,BC,C8
347,BBS30017,MSASA Similitud Gonnet92 Libre,0.205147,BBS30017,287.0,15.0,ML,BC,C8
348,BBS30017,MSASA Similitud PAM250 Estricto,0.17306,BBS30017,287.0,15.0,ML,BC,C8
349,BBS30017,MSASA Similitud PAM250 Libre,0.160762,BBS30017,287.0,15.0,ML,BC,C8
350,BBS30017,MSASA Similitud Blosum62 Libre,0.158645,BBS30017,287.0,15.0,ML,BC,C8
351,BBS30017,MSASA Similitud Gonnet92 Estricto,0.155509,BBS30017,287.0,15.0,ML,BC,C8
352,BBS30017,MSASA Similitud Blosum62 Estricto,0.149849,BBS30017,287.0,15.0,ML,BC,C8
353,BBS30017,MSASA Global Estricto,0.099316,BBS30017,287.0,15.0,ML,BC,C8
354,BBS30017,MSASA Global Libre,0.093941,BBS30017,287.0,15.0,ML,BC,C8
355,BBS30017,MSASA Local Estricto,0.075006,BBS30017,287.0,15.0,ML,BC,C8
356,BBS30017,MSASA Coincidencias Estricto,0.054605,BBS30017,287.0,15.0,ML,BC,C8
357,BBS30017,MSASA Identidad Estricto,0.044181,BBS30017,287.0,15.0,ML,BC,C8
358,BBS30017,MSASA Coincidencias Libre,0.036566,BBS30017,287.0,15.0,ML,BC,C8
359,BBS30017,MSASA Identidad Libre,0.036485,BBS30017,287.0,15.0,ML,BC,C8
360,BBS30017,MSASA Local Libre,0.091661,BBS30017,287.0,15.0,ML,BC,C8
361,BBS50005,MUSCLE,0.9432,BBS50005,806.0,11.0,LL,BC,C14
362,BBS50005,TCOFFE,0.943027,BBS50005,806.0,11.0,LL,BC,C14
363,BBS50005,MAFFT,0.929583,BBS50005,806.0,11.0,LL,BC,C14
364,BBS50005,Clustal,0.910064,BBS50005,806.0,11.0,LL,BC,C14
365,BBS50005,KAlign,0.905775,BBS50005,806.0,11.0,LL,BC,C14
366,BBS50005,MSASA Global Estricto,0.193977,BBS50005,806.0,11.0,LL,BC,C14
367,BBS50005,MSASA Similitud PAM250 Libre,0.192768,BBS50005,806.0,11.0,LL,BC,C14
368,BBS50005,MSASA Similitud PAM250 Estricto,0.182145,BBS50005,806.0,11.0,LL,BC,C14
369,BBS50005,MSASA Similitud Gonnet92 Libre,0.163116,BBS50005,806.0,11.0,LL,BC,C14
370,BBS50005,MSASA Similitud Gonnet92 Estricto,0.160957,BBS50005,806.0,11.0,LL,BC,C14
371,BBS50005,MSASA Local Estricto,0.105337,BBS50005,806.0,11.0,LL,BC,C14
372,BBS50005,MSASA Similitud Blosum62 Estricto,0.07082,BBS50005,806.0,11.0,LL,BC,C14
373,BBS50005,MSASA Similitud Blosum62 Libre,0.067336,BBS50005,806.0,11.0,LL,BC,C14
374,BBS50005,MSASA Global Libre,0.055389,BBS50005,806.0,11.0,LL,BC,C14
375,BBS50005,MSASA Coincidencias Libre,0.041743,BBS50005,806.0,11.0,LL,BC,C14
376,BBS50005,MSASA Identidad Libre,0.037799,BBS50005,806.0,11.0,LL,BC,C14
377,BBS50005,MSASA Identidad Estricto,0.027781,BBS50005,806.0,11.0,LL,BC,C14
378,BBS50005,MSASA Coincidencias Estricto,0.018799,BBS50005,806.0,11.0,LL,BC,C14
379,BBS50005,MSASA Local Libre,0.102718,BBS50005,806.0,11.0,LL,BC,C14
380,BOX122,MUSCLE,0.762914,BOX122,1041.0,174.0,LL,AC,C17
381,BOX122,TCOFFE,0.754686,BOX122,1041.0,174.0,LL,AC,C17
382,BOX122,Clustal,0.733084,BOX122,1041.0,174.0,LL,AC,C17
383,BOX122,MAFFT,0.728942,BOX122,1041.0,174.0,LL,AC,C17
384,BOX122,KAlign,0.727589,BOX122,1041.0,174.0,LL,AC,C17
385,BOX122,MSASA Similitud PAM250 Libre,0.125504,BOX122,1041.0,174.0,LL,AC,C17
386,BOX122,MSASA Similitud PAM250 Estricto,0.116972,BOX122,1041.0,174.0,LL,AC,C17
387,BOX122,MSASA Local Estricto,0.115589,BOX122,1041.0,174.0,LL,AC,C17
388,BOX122,MSASA Global Libre,0.11159,BOX122,1041.0,174.0,LL,AC,C17
389,BOX122,MSASA Coincidencias Estricto,0.075304,BOX122,1041.0,174.0,LL,AC,C17
390,BOX122,MSASA Similitud Gonnet92 Libre,0.072423,BOX122,1041.0,174.0,LL,AC,C17
391,BOX122,MSASA Similitud Blosum62 Libre,0.072154,BOX122,1041.0,174.0,LL,AC,C17
392,BOX122,MSASA Global Estricto,0.069889,BOX122,1041.0,174.0,LL,AC,C17
393,BOX122,MSASA Similitud Gonnet92 Estricto,0.069103,BOX122,1041.0,174.0,LL,AC,C17
394,BOX122,MSASA Similitud Blosum62 Estricto,0.068469,BOX122,1041.0,174.0,LL,AC,C17
395,BOX122,MSASA Identidad Libre,0.04577,BOX122,1041.0,174.0,LL,AC,C17
396,BOX122,MSASA Identidad Estricto,0.044573,BOX122,1041.0,174.0,LL,AC,C17
397,BOX122,MSASA Coincidencias Libre,0.041548,BOX122,1041.0,174.0,LL,AC,C17
398,BOX122,MSASA Local Libre,0.118737,BOX122,1041.0,174.0,LL,AC,C17
399,BOX132,MUSCLE,0.8528,BOX132,159.0,13.0,ML,BC,C15
400,BOX132,MAFFT,0.840263,BOX132,159.0,13.0,ML,BC,C15
401,BOX132,TCOFFE,0.837443,BOX132,159.0,13.0,ML,BC,C15
402,BOX132,Clustal,0.806623,BOX132,159.0,13.0,ML,BC,C15
403,BOX132,KAlign,0.795863,BOX132,159.0,13.0,ML,BC,C15
404,BOX132,MSASA Similitud Blosum62 Estricto,0.30443,BOX132,159.0,13.0,ML,BC,C15
405,BOX132,MSASA Similitud Gonnet92 Estricto,0.263686,BOX132,159.0,13.0,ML,BC,C15
406,BOX132,MSASA Similitud PAM250 Libre,0.229628,BOX132,159.0,13.0,ML,BC,C15
407,BOX132,MSASA Similitud PAM250 Estricto,0.204242,BOX132,159.0,13.0,ML,BC,C15
408,BOX132,MSASA Similitud Gonnet92 Libre,0.195884,BOX132,159.0,13.0,ML,BC,C15
409,BOX132,MSASA Global Libre,0.142081,BOX132,159.0,13.0,ML,BC,C15
410,BOX132,MSASA Similitud Blosum62 Libre,0.135395,BOX132,159.0,13.0,ML,BC,C15
411,BOX132,MSASA Global Estricto,0.102486,BOX132,159.0,13.0,ML,BC,C15
412,BOX132,MSASA Local Estricto,0.101024,BOX132,159.0,13.0,ML,BC,C15
413,BOX132,MSASA Coincidencias Estricto,0.08107,BOX132,159.0,13.0,ML,BC,C15
414,BOX132,MSASA Coincidencias Libre,0.064563,BOX132,159.0,13.0,ML,BC,C15
415,BOX132,MSASA Identidad Libre,0.036147,BOX132,159.0,13.0,ML,BC,C15
416,BOX132,MSASA Identidad Estricto,0.026327,BOX132,159.0,13.0,ML,BC,C15
417,BOX132,MSASA Local Libre,0.152215,BOX132,159.0,13.0,ML,BC,C15
418,BOX212,MUSCLE,0.336735,BOX212,625.0,8.0,LL,BC,C16
419,BOX212,Clustal,0.330771,BOX212,625.0,8.0,LL,BC,C16
420,BOX212,TCOFFE,0.321892,BOX212,625.0,8.0,LL,BC,C16
421,BOX212,MAFFT,0.318844,BOX212,625.0,8.0,LL,BC,C16
422,BOX212,KAlign,0.285317,BOX212,625.0,8.0,LL,BC,C16
423,BOX212,MSASA Similitud Gonnet92 Libre,0.022131,BOX212,625.0,8.0,LL,BC,C16
424,BOX212,MSASA Similitud Gonnet92 Estricto,0.010734,BOX212,625.0,8.0,LL,BC,C16
425,BOX212,MSASA Coincidencias Estricto,0.010602,BOX212,625.0,8.0,LL,BC,C16
426,BOX212,MSASA Coincidencias Libre,0.009011,BOX212,625.0,8.0,LL,BC,C16
427,BOX212,MSASA Global Estricto,0.007156,BOX212,625.0,8.0,LL,BC,C16
428,BOX212,MSASA Similitud PAM250 Libre,0.006891,BOX212,625.0,8.0,LL,BC,C16
429,BOX212,MSASA Similitud Blosum62 Estricto,0.005698,BOX212,625.0,8.0,LL,BC,C16
430,BOX212,MSASA Similitud Blosum62 Libre,0.004241,BOX212,625.0,8.0,LL,BC,C16
431,BOX212,MSASA Global Libre,0.003578,BOX212,625.0,8.0,LL,BC,C16
432,BOX212,MSASA Identidad Libre,0.003313,BOX212,625.0,8.0,LL,BC,C16
433,BOX212,MSASA Local Estricto,0.00318,BOX212,625.0,8.0,LL,BC,C16
434,BOX212,MSASA Identidad Estricto,0.001988,BOX212,625.0,8.0,LL,BC,C16
435,BOX212,MSASA Similitud PAM250 Estricto,0.0,BOX212,625.0,8.0,LL,BC,C16
436,BOX212,MSASA Local Libre,0.006228,BOX212,625.0,8.0,LL,BC,C16
